conv2d,input,gflops
"(16, 32, (3, 3), (1, 1), (1, 1), (1, 1), 1, True, 'zeros')","(64, 16, 16, 16)",65.03
"(32, 32, (3, 3), (1, 1), (1, 1), (1, 1), 1, True, 'zeros')","(64, 32, 16, 16)",101.26
"(8, 16, (3, 3), (1, 1), (1, 1), (1, 1), 1, True, 'zeros')","(64, 8, 32, 32)",58.98
"(16, 16, (3, 3), (1, 1), (1, 1), (1, 1), 1, True, 'zeros')","(64, 16, 32, 32)",73.82
"(4, 8, (3, 3), (1, 1), (1, 1), (1, 1), 1, True, 'zeros')","(64, 4, 64, 64)",26.11
"(8, 4, (3, 3), (1, 1), (1, 1), (1, 1), 1, True, 'zeros')","(64, 8, 64, 64)",14.42
"(3, 64, (11, 11), (4, 4), (2, 2), (1, 1), 1, True, 'zeros')","(32, 3, 224, 224)",51.68
"(64, 192, (5, 5), (1, 1), (2, 2), (1, 1), 1, True, 'zeros')","(32, 64, 27, 27)",138.41
"(192, 384, (3, 3), (1, 1), (1, 1), (1, 1), 1, True, 'zeros')","(32, 192, 13, 13)",120.03
"(384, 256, (3, 3), (1, 1), (1, 1), (1, 1), 1, True, 'zeros')","(32, 384, 13, 13)",123.02
"(256, 256, (3, 3), (1, 1), (1, 1), (1, 1), 1, True, 'zeros')","(32, 256, 13, 13)",125.16
"(3, 64, (7, 7), (2, 2), (3, 3), (1, 1), 1, False, 'zeros')","(32, 3, 224, 224)",63.61
"(64, 128, (1, 1), (1, 1), (0, 0), (1, 1), 1, False, 'zeros')","(32, 64, 56, 56)",32.23
"(128, 32, (3, 3), (1, 1), (1, 1), (1, 1), 1, False, 'zeros')","(32, 128, 56, 56)",98.70
"(96, 128, (1, 1), (1, 1), (0, 0), (1, 1), 1, False, 'zeros')","(32, 96, 56, 56)",38.76
"(128, 32, (3, 3), (1, 1), (1, 1), (1, 1), 1, False, 'zeros')","(32, 128, 56, 56)",89.39
"(128, 128, (1, 1), (1, 1), (0, 0), (1, 1), 1, False, 'zeros')","(32, 128, 56, 56)",44.46
"(128, 32, (3, 3), (1, 1), (1, 1), (1, 1), 1, False, 'zeros')","(32, 128, 56, 56)",91.37
"(160, 128, (1, 1), (1, 1), (0, 0), (1, 1), 1, False, 'zeros')","(32, 160, 56, 56)",47.76
"(128, 32, (3, 3), (1, 1), (1, 1), (1, 1), 1, False, 'zeros')","(32, 128, 56, 56)",87.09
"(192, 128, (1, 1), (1, 1), (0, 0), (1, 1), 1, False, 'zeros')","(32, 192, 56, 56)",50.44
"(128, 32, (3, 3), (1, 1), (1, 1), (1, 1), 1, False, 'zeros')","(32, 128, 56, 56)",89.30
"(224, 128, (1, 1), (1, 1), (0, 0), (1, 1), 1, False, 'zeros')","(32, 224, 56, 56)",52.89
"(128, 32, (3, 3), (1, 1), (1, 1), (1, 1), 1, False, 'zeros')","(32, 128, 56, 56)",89.31
"(256, 128, (1, 1), (1, 1), (0, 0), (1, 1), 1, False, 'zeros')","(32, 256, 56, 56)",53.23
"(128, 128, (1, 1), (1, 1), (0, 0), (1, 1), 1, False, 'zeros')","(32, 128, 28, 28)",44.81
"(128, 32, (3, 3), (1, 1), (1, 1), (1, 1), 1, False, 'zeros')","(32, 128, 28, 28)",95.29
"(160, 128, (1, 1), (1, 1), (0, 0), (1, 1), 1, False, 'zeros')","(32, 160, 28, 28)",57.76
"(128, 32, (3, 3), (1, 1), (1, 1), (1, 1), 1, False, 'zeros')","(32, 128, 28, 28)",98.90
"(192, 128, (1, 1), (1, 1), (0, 0), (1, 1), 1, False, 'zeros')","(32, 192, 28, 28)",57.50
"(128, 32, (3, 3), (1, 1), (1, 1), (1, 1), 1, False, 'zeros')","(32, 128, 28, 28)",104.29
"(224, 128, (1, 1), (1, 1), (0, 0), (1, 1), 1, False, 'zeros')","(32, 224, 28, 28)",62.28
"(128, 32, (3, 3), (1, 1), (1, 1), (1, 1), 1, False, 'zeros')","(32, 128, 28, 28)",109.49
"(256, 128, (1, 1), (1, 1), (0, 0), (1, 1), 1, False, 'zeros')","(32, 256, 28, 28)",60.99
"(128, 32, (3, 3), (1, 1), (1, 1), (1, 1), 1, False, 'zeros')","(32, 128, 28, 28)",113.86
"(288, 128, (1, 1), (1, 1), (0, 0), (1, 1), 1, False, 'zeros')","(32, 288, 28, 28)",65.90
"(128, 32, (3, 3), (1, 1), (1, 1), (1, 1), 1, False, 'zeros')","(32, 128, 28, 28)",118.03
"(320, 128, (1, 1), (1, 1), (0, 0), (1, 1), 1, False, 'zeros')","(32, 320, 28, 28)",67.17
"(128, 32, (3, 3), (1, 1), (1, 1), (1, 1), 1, False, 'zeros')","(32, 128, 28, 28)",109.19
"(352, 128, (1, 1), (1, 1), (0, 0), (1, 1), 1, False, 'zeros')","(32, 352, 28, 28)",69.42
"(128, 32, (3, 3), (1, 1), (1, 1), (1, 1), 1, False, 'zeros')","(32, 128, 28, 28)",97.56
"(384, 128, (1, 1), (1, 1), (0, 0), (1, 1), 1, False, 'zeros')","(32, 384, 28, 28)",62.80
"(128, 32, (3, 3), (1, 1), (1, 1), (1, 1), 1, False, 'zeros')","(32, 128, 28, 28)",94.94
"(416, 128, (1, 1), (1, 1), (0, 0), (1, 1), 1, False, 'zeros')","(32, 416, 28, 28)",63.92
"(128, 32, (3, 3), (1, 1), (1, 1), (1, 1), 1, False, 'zeros')","(32, 128, 28, 28)",96.59
"(448, 128, (1, 1), (1, 1), (0, 0), (1, 1), 1, False, 'zeros')","(32, 448, 28, 28)",65.46
"(128, 32, (3, 3), (1, 1), (1, 1), (1, 1), 1, False, 'zeros')","(32, 128, 28, 28)",99.16
"(480, 128, (1, 1), (1, 1), (0, 0), (1, 1), 1, False, 'zeros')","(32, 480, 28, 28)",68.71
"(128, 32, (3, 3), (1, 1), (1, 1), (1, 1), 1, False, 'zeros')","(32, 128, 28, 28)",98.37
"(512, 256, (1, 1), (1, 1), (0, 0), (1, 1), 1, False, 'zeros')","(32, 512, 28, 28)",81.04
"(256, 128, (1, 1), (1, 1), (0, 0), (1, 1), 1, False, 'zeros')","(32, 256, 14, 14)",94.80
"(128, 32, (3, 3), (1, 1), (1, 1), (1, 1), 1, False, 'zeros')","(32, 128, 14, 14)",113.63
"(288, 128, (1, 1), (1, 1), (0, 0), (1, 1), 1, False, 'zeros')","(32, 288, 14, 14)",96.98
"(128, 32, (3, 3), (1, 1), (1, 1), (1, 1), 1, False, 'zeros')","(32, 128, 14, 14)",111.69
"(320, 128, (1, 1), (1, 1), (0, 0), (1, 1), 1, False, 'zeros')","(32, 320, 14, 14)",94.66
"(128, 32, (3, 3), (1, 1), (1, 1), (1, 1), 1, False, 'zeros')","(32, 128, 14, 14)",111.55
"(352, 128, (1, 1), (1, 1), (0, 0), (1, 1), 1, False, 'zeros')","(32, 352, 14, 14)",96.55
"(128, 32, (3, 3), (1, 1), (1, 1), (1, 1), 1, False, 'zeros')","(32, 128, 14, 14)",113.23
"(384, 128, (1, 1), (1, 1), (0, 0), (1, 1), 1, False, 'zeros')","(32, 384, 14, 14)",96.29
"(128, 32, (3, 3), (1, 1), (1, 1), (1, 1), 1, False, 'zeros')","(32, 128, 14, 14)",112.08
"(416, 128, (1, 1), (1, 1), (0, 0), (1, 1), 1, False, 'zeros')","(32, 416, 14, 14)",67.99
"(128, 32, (3, 3), (1, 1), (1, 1), (1, 1), 1, False, 'zeros')","(32, 128, 14, 14)",109.87
"(448, 128, (1, 1), (1, 1), (0, 0), (1, 1), 1, False, 'zeros')","(32, 448, 14, 14)",68.49
"(128, 32, (3, 3), (1, 1), (1, 1), (1, 1), 1, False, 'zeros')","(32, 128, 14, 14)",116.78
"(480, 128, (1, 1), (1, 1), (0, 0), (1, 1), 1, False, 'zeros')","(32, 480, 14, 14)",69.40
"(128, 32, (3, 3), (1, 1), (1, 1), (1, 1), 1, False, 'zeros')","(32, 128, 14, 14)",117.89
"(512, 128, (1, 1), (1, 1), (0, 0), (1, 1), 1, False, 'zeros')","(32, 512, 14, 14)",77.91
"(128, 32, (3, 3), (1, 1), (1, 1), (1, 1), 1, False, 'zeros')","(32, 128, 14, 14)",110.99
"(544, 128, (1, 1), (1, 1), (0, 0), (1, 1), 1, False, 'zeros')","(32, 544, 14, 14)",65.72
"(128, 32, (3, 3), (1, 1), (1, 1), (1, 1), 1, False, 'zeros')","(32, 128, 14, 14)",112.98
"(576, 128, (1, 1), (1, 1), (0, 0), (1, 1), 1, False, 'zeros')","(32, 576, 14, 14)",66.61
"(128, 32, (3, 3), (1, 1), (1, 1), (1, 1), 1, False, 'zeros')","(32, 128, 14, 14)",114.81
"(608, 128, (1, 1), (1, 1), (0, 0), (1, 1), 1, False, 'zeros')","(32, 608, 14, 14)",67.17
"(128, 32, (3, 3), (1, 1), (1, 1), (1, 1), 1, False, 'zeros')","(32, 128, 14, 14)",107.89
"(640, 128, (1, 1), (1, 1), (0, 0), (1, 1), 1, False, 'zeros')","(32, 640, 14, 14)",67.69
"(128, 32, (3, 3), (1, 1), (1, 1), (1, 1), 1, False, 'zeros')","(32, 128, 14, 14)",112.77
"(672, 128, (1, 1), (1, 1), (0, 0), (1, 1), 1, False, 'zeros')","(32, 672, 14, 14)",66.34
"(128, 32, (3, 3), (1, 1), (1, 1), (1, 1), 1, False, 'zeros')","(32, 128, 14, 14)",113.46
"(704, 128, (1, 1), (1, 1), (0, 0), (1, 1), 1, False, 'zeros')","(32, 704, 14, 14)",71.10
"(128, 32, (3, 3), (1, 1), (1, 1), (1, 1), 1, False, 'zeros')","(32, 128, 14, 14)",112.02
"(736, 128, (1, 1), (1, 1), (0, 0), (1, 1), 1, False, 'zeros')","(32, 736, 14, 14)",67.56
"(128, 32, (3, 3), (1, 1), (1, 1), (1, 1), 1, False, 'zeros')","(32, 128, 14, 14)",113.38
"(768, 128, (1, 1), (1, 1), (0, 0), (1, 1), 1, False, 'zeros')","(32, 768, 14, 14)",68.04
"(128, 32, (3, 3), (1, 1), (1, 1), (1, 1), 1, False, 'zeros')","(32, 128, 14, 14)",112.23
"(800, 128, (1, 1), (1, 1), (0, 0), (1, 1), 1, False, 'zeros')","(32, 800, 14, 14)",66.96
"(128, 32, (3, 3), (1, 1), (1, 1), (1, 1), 1, False, 'zeros')","(32, 128, 14, 14)",113.51
"(832, 128, (1, 1), (1, 1), (0, 0), (1, 1), 1, False, 'zeros')","(32, 832, 14, 14)",62.61
"(128, 32, (3, 3), (1, 1), (1, 1), (1, 1), 1, False, 'zeros')","(32, 128, 14, 14)",103.52
"(864, 128, (1, 1), (1, 1), (0, 0), (1, 1), 1, False, 'zeros')","(32, 864, 14, 14)",65.33
"(128, 32, (3, 3), (1, 1), (1, 1), (1, 1), 1, False, 'zeros')","(32, 128, 14, 14)",108.22
"(896, 128, (1, 1), (1, 1), (0, 0), (1, 1), 1, False, 'zeros')","(32, 896, 14, 14)",70.94
"(128, 32, (3, 3), (1, 1), (1, 1), (1, 1), 1, False, 'zeros')","(32, 128, 14, 14)",102.57
"(928, 128, (1, 1), (1, 1), (0, 0), (1, 1), 1, False, 'zeros')","(32, 928, 14, 14)",67.79
"(128, 32, (3, 3), (1, 1), (1, 1), (1, 1), 1, False, 'zeros')","(32, 128, 14, 14)",113.69
"(960, 128, (1, 1), (1, 1), (0, 0), (1, 1), 1, False, 'zeros')","(32, 960, 14, 14)",68.38
"(128, 32, (3, 3), (1, 1), (1, 1), (1, 1), 1, False, 'zeros')","(32, 128, 14, 14)",111.25
"(992, 128, (1, 1), (1, 1), (0, 0), (1, 1), 1, False, 'zeros')","(32, 992, 14, 14)",70.21
"(128, 32, (3, 3), (1, 1), (1, 1), (1, 1), 1, False, 'zeros')","(32, 128, 14, 14)",107.92
"(1024, 512, (1, 1), (1, 1), (0, 0), (1, 1), 1, False, 'zeros')","(32, 1024, 14, 14)",101.50
"(512, 128, (1, 1), (1, 1), (0, 0), (1, 1), 1, False, 'zeros')","(32, 512, 7, 7)",87.66
"(128, 32, (3, 3), (1, 1), (1, 1), (1, 1), 1, False, 'zeros')","(32, 128, 7, 7)",99.44
"(544, 128, (1, 1), (1, 1), (0, 0), (1, 1), 1, False, 'zeros')","(32, 544, 7, 7)",91.07
"(128, 32, (3, 3), (1, 1), (1, 1), (1, 1), 1, False, 'zeros')","(32, 128, 7, 7)",101.02
"(576, 128, (1, 1), (1, 1), (0, 0), (1, 1), 1, False, 'zeros')","(32, 576, 7, 7)",88.07
"(128, 32, (3, 3), (1, 1), (1, 1), (1, 1), 1, False, 'zeros')","(32, 128, 7, 7)",97.90
"(608, 128, (1, 1), (1, 1), (0, 0), (1, 1), 1, False, 'zeros')","(32, 608, 7, 7)",90.36
"(128, 32, (3, 3), (1, 1), (1, 1), (1, 1), 1, False, 'zeros')","(32, 128, 7, 7)",100.84
"(640, 128, (1, 1), (1, 1), (0, 0), (1, 1), 1, False, 'zeros')","(32, 640, 7, 7)",91.72
"(128, 32, (3, 3), (1, 1), (1, 1), (1, 1), 1, False, 'zeros')","(32, 128, 7, 7)",101.00
"(672, 128, (1, 1), (1, 1), (0, 0), (1, 1), 1, False, 'zeros')","(32, 672, 7, 7)",68.78
"(128, 32, (3, 3), (1, 1), (1, 1), (1, 1), 1, False, 'zeros')","(32, 128, 7, 7)",99.36
"(704, 128, (1, 1), (1, 1), (0, 0), (1, 1), 1, False, 'zeros')","(32, 704, 7, 7)",67.87
"(128, 32, (3, 3), (1, 1), (1, 1), (1, 1), 1, False, 'zeros')","(32, 128, 7, 7)",98.49
"(736, 128, (1, 1), (1, 1), (0, 0), (1, 1), 1, False, 'zeros')","(32, 736, 7, 7)",68.87
"(128, 32, (3, 3), (1, 1), (1, 1), (1, 1), 1, False, 'zeros')","(32, 128, 7, 7)",98.71
"(768, 128, (1, 1), (1, 1), (0, 0), (1, 1), 1, False, 'zeros')","(32, 768, 7, 7)",68.43
"(128, 32, (3, 3), (1, 1), (1, 1), (1, 1), 1, False, 'zeros')","(32, 128, 7, 7)",100.17
"(800, 128, (1, 1), (1, 1), (0, 0), (1, 1), 1, False, 'zeros')","(32, 800, 7, 7)",64.31
"(128, 32, (3, 3), (1, 1), (1, 1), (1, 1), 1, False, 'zeros')","(32, 128, 7, 7)",93.36
"(832, 128, (1, 1), (1, 1), (0, 0), (1, 1), 1, False, 'zeros')","(32, 832, 7, 7)",68.97
"(128, 32, (3, 3), (1, 1), (1, 1), (1, 1), 1, False, 'zeros')","(32, 128, 7, 7)",94.70
"(864, 128, (1, 1), (1, 1), (0, 0), (1, 1), 1, False, 'zeros')","(32, 864, 7, 7)",57.53
"(128, 32, (3, 3), (1, 1), (1, 1), (1, 1), 1, False, 'zeros')","(32, 128, 7, 7)",97.92
"(896, 128, (1, 1), (1, 1), (0, 0), (1, 1), 1, False, 'zeros')","(32, 896, 7, 7)",65.71
"(128, 32, (3, 3), (1, 1), (1, 1), (1, 1), 1, False, 'zeros')","(32, 128, 7, 7)",96.41
"(928, 128, (1, 1), (1, 1), (0, 0), (1, 1), 1, False, 'zeros')","(32, 928, 7, 7)",58.51
"(128, 32, (3, 3), (1, 1), (1, 1), (1, 1), 1, False, 'zeros')","(32, 128, 7, 7)",90.00
"(960, 128, (1, 1), (1, 1), (0, 0), (1, 1), 1, False, 'zeros')","(32, 960, 7, 7)",67.95
"(128, 32, (3, 3), (1, 1), (1, 1), (1, 1), 1, False, 'zeros')","(32, 128, 7, 7)",96.82
"(992, 128, (1, 1), (1, 1), (0, 0), (1, 1), 1, False, 'zeros')","(32, 992, 7, 7)",66.36
"(128, 32, (3, 3), (1, 1), (1, 1), (1, 1), 1, False, 'zeros')","(32, 128, 7, 7)",98.79
"(3, 32, (3, 3), (2, 2), (1, 1), (1, 1), 1, False, 'zeros')","(32, 3, 224, 224)",54.95
"(32, 32, (3, 3), (1, 1), (1, 1), (1, 1), 32, False, 'zeros')","(32, 32, 112, 112)",13.58
"(32, 16, (1, 1), (1, 1), (0, 0), (1, 1), 1, False, 'zeros')","(32, 32, 112, 112)",31.05
"(16, 48, (1, 1), (1, 1), (0, 0), (1, 1), 1, False, 'zeros')","(32, 16, 112, 112)",35.33
"(48, 48, (3, 3), (2, 2), (1, 1), (1, 1), 48, False, 'zeros')","(32, 48, 112, 112)",5.51
"(48, 24, (1, 1), (1, 1), (0, 0), (1, 1), 1, False, 'zeros')","(32, 48, 56, 56)",43.90
"(24, 72, (1, 1), (1, 1), (0, 0), (1, 1), 1, False, 'zeros')","(32, 24, 56, 56)",49.63
"(72, 72, (3, 3), (1, 1), (1, 1), (1, 1), 72, False, 'zeros')","(32, 72, 56, 56)",12.58
"(72, 24, (1, 1), (1, 1), (0, 0), (1, 1), 1, False, 'zeros')","(32, 72, 56, 56)",47.12
"(24, 72, (1, 1), (1, 1), (0, 0), (1, 1), 1, False, 'zeros')","(32, 24, 56, 56)",50.03
"(72, 72, (3, 3), (1, 1), (1, 1), (1, 1), 72, False, 'zeros')","(32, 72, 56, 56)",12.56
"(72, 24, (1, 1), (1, 1), (0, 0), (1, 1), 1, False, 'zeros')","(32, 72, 56, 56)",47.73
"(24, 72, (1, 1), (1, 1), (0, 0), (1, 1), 1, False, 'zeros')","(32, 24, 56, 56)",42.40
"(72, 72, (5, 5), (2, 2), (2, 2), (1, 1), 72, False, 'zeros')","(32, 72, 56, 56)",12.40
"(72, 40, (1, 1), (1, 1), (0, 0), (1, 1), 1, False, 'zeros')","(32, 72, 28, 28)",63.36
"(40, 120, (1, 1), (1, 1), (0, 0), (1, 1), 1, False, 'zeros')","(32, 40, 28, 28)",69.16
"(120, 120, (5, 5), (1, 1), (2, 2), (1, 1), 120, False, 'zeros')","(32, 120, 28, 28)",27.24
"(120, 40, (1, 1), (1, 1), (0, 0), (1, 1), 1, False, 'zeros')","(32, 120, 28, 28)",67.44
"(40, 120, (1, 1), (1, 1), (0, 0), (1, 1), 1, False, 'zeros')","(32, 40, 28, 28)",69.04
"(120, 120, (5, 5), (1, 1), (2, 2), (1, 1), 120, False, 'zeros')","(32, 120, 28, 28)",26.94
"(120, 40, (1, 1), (1, 1), (0, 0), (1, 1), 1, False, 'zeros')","(32, 120, 28, 28)",59.43
"(40, 240, (1, 1), (1, 1), (0, 0), (1, 1), 1, False, 'zeros')","(32, 40, 28, 28)",62.93
"(240, 240, (5, 5), (2, 2), (2, 2), (1, 1), 240, False, 'zeros')","(32, 240, 28, 28)",11.32
"(240, 80, (1, 1), (1, 1), (0, 0), (1, 1), 1, False, 'zeros')","(32, 240, 14, 14)",76.77
"(80, 480, (1, 1), (1, 1), (0, 0), (1, 1), 1, False, 'zeros')","(32, 80, 14, 14)",89.83
"(480, 480, (5, 5), (1, 1), (2, 2), (1, 1), 480, False, 'zeros')","(32, 480, 14, 14)",25.98
"(480, 80, (1, 1), (1, 1), (0, 0), (1, 1), 1, False, 'zeros')","(32, 480, 14, 14)",83.60
"(80, 480, (1, 1), (1, 1), (0, 0), (1, 1), 1, False, 'zeros')","(32, 80, 14, 14)",84.19
"(480, 480, (5, 5), (1, 1), (2, 2), (1, 1), 480, False, 'zeros')","(32, 480, 14, 14)",30.81
"(480, 80, (1, 1), (1, 1), (0, 0), (1, 1), 1, False, 'zeros')","(32, 480, 14, 14)",78.84
"(80, 480, (1, 1), (1, 1), (0, 0), (1, 1), 1, False, 'zeros')","(32, 80, 14, 14)",93.49
"(480, 480, (3, 3), (1, 1), (1, 1), (1, 1), 480, False, 'zeros')","(32, 480, 14, 14)",10.98
"(480, 96, (1, 1), (1, 1), (0, 0), (1, 1), 1, False, 'zeros')","(32, 480, 14, 14)",92.33
"(96, 576, (1, 1), (1, 1), (0, 0), (1, 1), 1, False, 'zeros')","(32, 96, 14, 14)",92.68
"(576, 576, (3, 3), (1, 1), (1, 1), (1, 1), 576, False, 'zeros')","(32, 576, 14, 14)",12.98
"(576, 96, (1, 1), (1, 1), (0, 0), (1, 1), 1, False, 'zeros')","(32, 576, 14, 14)",85.69
"(96, 576, (1, 1), (1, 1), (0, 0), (1, 1), 1, False, 'zeros')","(32, 96, 14, 14)",97.33
"(576, 576, (5, 5), (2, 2), (2, 2), (1, 1), 576, False, 'zeros')","(32, 576, 14, 14)",12.37
"(576, 192, (1, 1), (1, 1), (0, 0), (1, 1), 1, False, 'zeros')","(32, 576, 7, 7)",98.60
"(192, 1152, (1, 1), (1, 1), (0, 0), (1, 1), 1, False, 'zeros')","(32, 192, 7, 7)",99.06
"(1152, 1152, (5, 5), (1, 1), (2, 2), (1, 1), 1152, False, 'zeros')","(32, 1152, 7, 7)",30.73
"(1152, 192, (1, 1), (1, 1), (0, 0), (1, 1), 1, False, 'zeros')","(32, 1152, 7, 7)",98.44
"(192, 1152, (1, 1), (1, 1), (0, 0), (1, 1), 1, False, 'zeros')","(32, 192, 7, 7)",104.34
"(1152, 1152, (5, 5), (1, 1), (2, 2), (1, 1), 1152, False, 'zeros')","(32, 1152, 7, 7)",32.95
"(1152, 192, (1, 1), (1, 1), (0, 0), (1, 1), 1, False, 'zeros')","(32, 1152, 7, 7)",95.33
"(192, 1152, (1, 1), (1, 1), (0, 0), (1, 1), 1, False, 'zeros')","(32, 192, 7, 7)",107.25
"(1152, 1152, (5, 5), (1, 1), (2, 2), (1, 1), 1152, False, 'zeros')","(32, 1152, 7, 7)",30.25
"(1152, 192, (1, 1), (1, 1), (0, 0), (1, 1), 1, False, 'zeros')","(32, 1152, 7, 7)",90.63
"(192, 1152, (1, 1), (1, 1), (0, 0), (1, 1), 1, False, 'zeros')","(32, 192, 7, 7)",104.89
"(1152, 1152, (3, 3), (1, 1), (1, 1), (1, 1), 1152, False, 'zeros')","(32, 1152, 7, 7)",10.05
"(1152, 320, (1, 1), (1, 1), (0, 0), (1, 1), 1, False, 'zeros')","(32, 1152, 7, 7)",102.84
"(320, 1280, (1, 1), (1, 1), (0, 0), (1, 1), 1, False, 'zeros')","(32, 320, 7, 7)",108.29
"(3, 32, (3, 3), (2, 2), (1, 1), (1, 1), 1, False, 'zeros')","(32, 3, 224, 224)",54.13
"(32, 32, (3, 3), (1, 1), (1, 1), (1, 1), 32, False, 'zeros')","(32, 32, 112, 112)",13.09
"(32, 16, (1, 1), (1, 1), (0, 0), (1, 1), 1, False, 'zeros')","(32, 32, 112, 112)",30.41
"(16, 96, (1, 1), (1, 1), (0, 0), (1, 1), 1, False, 'zeros')","(32, 16, 112, 112)",37.25
"(96, 96, (3, 3), (2, 2), (1, 1), (1, 1), 96, False, 'zeros')","(32, 96, 112, 112)",5.64
"(96, 24, (1, 1), (1, 1), (0, 0), (1, 1), 1, False, 'zeros')","(32, 96, 56, 56)",49.16
"(24, 144, (1, 1), (1, 1), (0, 0), (1, 1), 1, False, 'zeros')","(32, 24, 56, 56)",54.10
"(144, 144, (3, 3), (1, 1), (1, 1), (1, 1), 144, False, 'zeros')","(32, 144, 56, 56)",12.74
"(144, 24, (1, 1), (1, 1), (0, 0), (1, 1), 1, False, 'zeros')","(32, 144, 56, 56)",48.91
"(24, 144, (1, 1), (1, 1), (0, 0), (1, 1), 1, False, 'zeros')","(32, 24, 56, 56)",55.06
"(144, 144, (3, 3), (2, 2), (1, 1), (1, 1), 144, False, 'zeros')","(32, 144, 56, 56)",5.47
"(144, 32, (1, 1), (1, 1), (0, 0), (1, 1), 1, False, 'zeros')","(32, 144, 28, 28)",54.90
"(32, 192, (1, 1), (1, 1), (0, 0), (1, 1), 1, False, 'zeros')","(32, 32, 28, 28)",65.63
"(192, 192, (3, 3), (1, 1), (1, 1), (1, 1), 192, False, 'zeros')","(32, 192, 28, 28)",13.63
"(192, 32, (1, 1), (1, 1), (0, 0), (1, 1), 1, False, 'zeros')","(32, 192, 28, 28)",57.07
"(32, 192, (1, 1), (1, 1), (0, 0), (1, 1), 1, False, 'zeros')","(32, 32, 28, 28)",65.97
"(192, 192, (3, 3), (1, 1), (1, 1), (1, 1), 192, False, 'zeros')","(32, 192, 28, 28)",13.41
"(192, 32, (1, 1), (1, 1), (0, 0), (1, 1), 1, False, 'zeros')","(32, 192, 28, 28)",57.28
"(32, 192, (1, 1), (1, 1), (0, 0), (1, 1), 1, False, 'zeros')","(32, 32, 28, 28)",67.08
"(192, 192, (3, 3), (2, 2), (1, 1), (1, 1), 192, False, 'zeros')","(32, 192, 28, 28)",5.56
"(192, 64, (1, 1), (1, 1), (0, 0), (1, 1), 1, False, 'zeros')","(32, 192, 14, 14)",76.16
"(64, 384, (1, 1), (1, 1), (0, 0), (1, 1), 1, False, 'zeros')","(32, 64, 14, 14)",90.62
"(384, 384, (3, 3), (1, 1), (1, 1), (1, 1), 384, False, 'zeros')","(32, 384, 14, 14)",14.42
"(384, 64, (1, 1), (1, 1), (0, 0), (1, 1), 1, False, 'zeros')","(32, 384, 14, 14)",83.12
"(64, 384, (1, 1), (1, 1), (0, 0), (1, 1), 1, False, 'zeros')","(32, 64, 14, 14)",91.62
"(384, 384, (3, 3), (1, 1), (1, 1), (1, 1), 384, False, 'zeros')","(32, 384, 14, 14)",13.75
"(384, 64, (1, 1), (1, 1), (0, 0), (1, 1), 1, False, 'zeros')","(32, 384, 14, 14)",82.94
"(64, 384, (1, 1), (1, 1), (0, 0), (1, 1), 1, False, 'zeros')","(32, 64, 14, 14)",90.94
"(384, 384, (3, 3), (1, 1), (1, 1), (1, 1), 384, False, 'zeros')","(32, 384, 14, 14)",13.34
"(384, 64, (1, 1), (1, 1), (0, 0), (1, 1), 1, False, 'zeros')","(32, 384, 14, 14)",82.39
"(64, 384, (1, 1), (1, 1), (0, 0), (1, 1), 1, False, 'zeros')","(32, 64, 14, 14)",89.21
"(384, 384, (3, 3), (1, 1), (1, 1), (1, 1), 384, False, 'zeros')","(32, 384, 14, 14)",13.77
"(384, 96, (1, 1), (1, 1), (0, 0), (1, 1), 1, False, 'zeros')","(32, 384, 14, 14)",92.39
"(96, 576, (1, 1), (1, 1), (0, 0), (1, 1), 1, False, 'zeros')","(32, 96, 14, 14)",99.36
"(576, 576, (3, 3), (1, 1), (1, 1), (1, 1), 576, False, 'zeros')","(32, 576, 14, 14)",13.08
"(576, 96, (1, 1), (1, 1), (0, 0), (1, 1), 1, False, 'zeros')","(32, 576, 14, 14)",95.17
"(96, 576, (1, 1), (1, 1), (0, 0), (1, 1), 1, False, 'zeros')","(32, 96, 14, 14)",102.60
"(576, 576, (3, 3), (1, 1), (1, 1), (1, 1), 576, False, 'zeros')","(32, 576, 14, 14)",13.20
"(576, 96, (1, 1), (1, 1), (0, 0), (1, 1), 1, False, 'zeros')","(32, 576, 14, 14)",96.26
"(96, 576, (1, 1), (1, 1), (0, 0), (1, 1), 1, False, 'zeros')","(32, 96, 14, 14)",102.20
"(576, 576, (3, 3), (2, 2), (1, 1), (1, 1), 576, False, 'zeros')","(32, 576, 14, 14)",5.48
"(576, 160, (1, 1), (1, 1), (0, 0), (1, 1), 1, False, 'zeros')","(32, 576, 7, 7)",95.40
"(160, 960, (1, 1), (1, 1), (0, 0), (1, 1), 1, False, 'zeros')","(32, 160, 7, 7)",105.67
"(960, 960, (3, 3), (1, 1), (1, 1), (1, 1), 960, False, 'zeros')","(32, 960, 7, 7)",14.28
"(960, 160, (1, 1), (1, 1), (0, 0), (1, 1), 1, False, 'zeros')","(32, 960, 7, 7)",92.07
"(160, 960, (1, 1), (1, 1), (0, 0), (1, 1), 1, False, 'zeros')","(32, 160, 7, 7)",110.06
"(960, 960, (3, 3), (1, 1), (1, 1), (1, 1), 960, False, 'zeros')","(32, 960, 7, 7)",13.59
"(960, 160, (1, 1), (1, 1), (0, 0), (1, 1), 1, False, 'zeros')","(32, 960, 7, 7)",90.86
"(160, 960, (1, 1), (1, 1), (0, 0), (1, 1), 1, False, 'zeros')","(32, 160, 7, 7)",106.98
"(960, 960, (3, 3), (1, 1), (1, 1), (1, 1), 960, False, 'zeros')","(32, 960, 7, 7)",13.27
"(960, 320, (1, 1), (1, 1), (0, 0), (1, 1), 1, False, 'zeros')","(32, 960, 7, 7)",102.85
"(320, 1280, (1, 1), (1, 1), (0, 0), (1, 1), 1, False, 'zeros')","(32, 320, 7, 7)",114.86
"(3, 16, (3, 3), (2, 2), (1, 1), (1, 1), 1, False, 'zeros')","(1, 3, 224, 224)",33.96
"(16, 16, (1, 1), (1, 1), (0, 0), (1, 1), 1, False, 'zeros')","(1, 16, 112, 112)",48.83
"(16, 16, (3, 3), (2, 2), (1, 1), (1, 1), 16, False, 'zeros')","(1, 16, 112, 112)",4.63
"(16, 16, (1, 1), (1, 1), (0, 0), (1, 1), 1, False, 'zeros')","(1, 16, 56, 56)",29.75
"(16, 72, (1, 1), (1, 1), (0, 0), (1, 1), 1, False, 'zeros')","(1, 16, 56, 56)",65.79
"(72, 72, (3, 3), (2, 2), (1, 1), (1, 1), 72, False, 'zeros')","(1, 72, 56, 56)",4.92
"(72, 24, (1, 1), (1, 1), (0, 0), (1, 1), 1, False, 'zeros')","(1, 72, 28, 28)",49.28
"(24, 88, (1, 1), (1, 1), (0, 0), (1, 1), 1, False, 'zeros')","(1, 24, 28, 28)",53.59
"(88, 88, (3, 3), (1, 1), (1, 1), (1, 1), 88, False, 'zeros')","(1, 88, 28, 28)",9.90
"(88, 24, (1, 1), (1, 1), (0, 0), (1, 1), 1, False, 'zeros')","(1, 88, 28, 28)",56.57
"(24, 96, (1, 1), (1, 1), (0, 0), (1, 1), 1, False, 'zeros')","(1, 24, 28, 28)",55.51
"(96, 96, (5, 5), (2, 2), (2, 2), (1, 1), 96, False, 'zeros')","(1, 96, 28, 28)",8.27
"(96, 40, (1, 1), (1, 1), (0, 0), (1, 1), 1, False, 'zeros')","(1, 96, 14, 14)",30.81
"(40, 240, (1, 1), (1, 1), (0, 0), (1, 1), 1, False, 'zeros')","(1, 40, 14, 14)",47.02
"(240, 240, (5, 5), (1, 1), (2, 2), (1, 1), 240, False, 'zeros')","(1, 240, 14, 14)",19.32
"(240, 40, (1, 1), (1, 1), (0, 0), (1, 1), 1, False, 'zeros')","(1, 240, 14, 14)",55.26
"(40, 240, (1, 1), (1, 1), (0, 0), (1, 1), 1, False, 'zeros')","(1, 40, 14, 14)",57.73
"(240, 240, (5, 5), (1, 1), (2, 2), (1, 1), 240, False, 'zeros')","(1, 240, 14, 14)",19.66
"(240, 40, (1, 1), (1, 1), (0, 0), (1, 1), 1, False, 'zeros')","(1, 240, 14, 14)",54.81
"(40, 120, (1, 1), (1, 1), (0, 0), (1, 1), 1, False, 'zeros')","(1, 40, 14, 14)",37.79
"(120, 120, (5, 5), (1, 1), (2, 2), (1, 1), 120, False, 'zeros')","(1, 120, 14, 14)",12.23
"(120, 48, (1, 1), (1, 1), (0, 0), (1, 1), 1, False, 'zeros')","(1, 120, 14, 14)",42.09
"(48, 144, (1, 1), (1, 1), (0, 0), (1, 1), 1, False, 'zeros')","(1, 48, 14, 14)",47.79
"(144, 144, (5, 5), (1, 1), (2, 2), (1, 1), 144, False, 'zeros')","(1, 144, 14, 14)",13.33
"(144, 48, (1, 1), (1, 1), (0, 0), (1, 1), 1, False, 'zeros')","(1, 144, 14, 14)",46.04
"(48, 288, (1, 1), (1, 1), (0, 0), (1, 1), 1, False, 'zeros')","(1, 48, 14, 14)",55.72
"(288, 288, (5, 5), (2, 2), (2, 2), (1, 1), 288, False, 'zeros')","(1, 288, 14, 14)",6.03
"(288, 96, (1, 1), (1, 1), (0, 0), (1, 1), 1, False, 'zeros')","(1, 288, 7, 7)",38.94
"(96, 576, (1, 1), (1, 1), (0, 0), (1, 1), 1, False, 'zeros')","(1, 96, 7, 7)",56.73
"(576, 576, (5, 5), (1, 1), (2, 2), (1, 1), 576, False, 'zeros')","(1, 576, 7, 7)",12.26
"(576, 96, (1, 1), (1, 1), (0, 0), (1, 1), 1, False, 'zeros')","(1, 576, 7, 7)",55.01
"(96, 576, (1, 1), (1, 1), (0, 0), (1, 1), 1, False, 'zeros')","(1, 96, 7, 7)",57.13
"(576, 576, (5, 5), (1, 1), (2, 2), (1, 1), 576, False, 'zeros')","(1, 576, 7, 7)",10.78
"(576, 96, (1, 1), (1, 1), (0, 0), (1, 1), 1, False, 'zeros')","(1, 576, 7, 7)",33.79
"(96, 576, (1, 1), (1, 1), (0, 0), (1, 1), 1, False, 'zeros')","(1, 96, 7, 7)",36.29
"(576, 1280, (1, 1), (1, 1), (0, 0), (1, 1), 1, True, 'zeros')","(1, 576, 1, 1)",4.71
"(8, 64, (7, 7), (1, 1), (3, 3), (1, 1), 1, False, 'zeros')","(17, 8, 128, 128)",125.42
"(64, 128, (4, 4), (2, 2), (1, 1), (1, 1), 1, False, 'zeros')","(17, 64, 128, 128)",113.27
"(128, 256, (4, 4), (2, 2), (1, 1), (1, 1), 1, False, 'zeros')","(17, 128, 64, 64)",121.74
"(256, 256, (3, 3), (1, 1), (1, 1), (1, 1), 1, False, 'zeros')","(17, 256, 32, 32)",128.28
"(256, 256, (3, 3), (1, 1), (1, 1), (1, 1), 1, False, 'zeros')","(17, 256, 32, 32)",126.53
"(256, 256, (3, 3), (1, 1), (1, 1), (1, 1), 1, False, 'zeros')","(17, 256, 32, 32)",120.62
"(256, 256, (3, 3), (1, 1), (1, 1), (1, 1), 1, False, 'zeros')","(17, 256, 32, 32)",116.61
"(256, 256, (3, 3), (1, 1), (1, 1), (1, 1), 1, False, 'zeros')","(17, 256, 32, 32)",122.80
"(256, 256, (3, 3), (1, 1), (1, 1), (1, 1), 1, False, 'zeros')","(17, 256, 32, 32)",124.64
"(256, 256, (3, 3), (1, 1), (1, 1), (1, 1), 1, False, 'zeros')","(17, 256, 32, 32)",122.82
"(256, 256, (3, 3), (1, 1), (1, 1), (1, 1), 1, False, 'zeros')","(17, 256, 32, 32)",124.67
"(256, 256, (3, 3), (1, 1), (1, 1), (1, 1), 1, False, 'zeros')","(17, 256, 32, 32)",124.47
"(256, 256, (3, 3), (1, 1), (1, 1), (1, 1), 1, False, 'zeros')","(17, 256, 32, 32)",122.58
"(256, 256, (3, 3), (1, 1), (1, 1), (1, 1), 1, False, 'zeros')","(17, 256, 32, 32)",124.68
"(256, 256, (3, 3), (1, 1), (1, 1), (1, 1), 1, False, 'zeros')","(17, 256, 32, 32)",124.62
"(64, 3, (7, 7), (1, 1), (3, 3), (1, 1), 1, False, 'zeros')","(17, 64, 128, 128)",19.01
"(3, 64, (7, 7), (2, 2), (3, 3), (1, 1), 1, False, 'zeros')","(32, 3, 224, 224)",116.46
"(64, 64, (3, 3), (1, 1), (1, 1), (1, 1), 1, False, 'zeros')","(32, 64, 56, 56)",116.50
"(64, 64, (3, 3), (1, 1), (1, 1), (1, 1), 1, False, 'zeros')","(32, 64, 56, 56)",122.72
"(64, 64, (3, 3), (1, 1), (1, 1), (1, 1), 1, False, 'zeros')","(32, 64, 56, 56)",120.60
"(64, 64, (3, 3), (1, 1), (1, 1), (1, 1), 1, False, 'zeros')","(32, 64, 56, 56)",121.10
"(64, 128, (3, 3), (2, 2), (1, 1), (1, 1), 1, False, 'zeros')","(32, 64, 56, 56)",93.57
"(128, 128, (3, 3), (1, 1), (1, 1), (1, 1), 1, False, 'zeros')","(32, 128, 28, 28)",125.86
"(64, 128, (1, 1), (2, 2), (0, 0), (1, 1), 1, False, 'zeros')","(32, 64, 56, 56)",48.42
"(128, 128, (3, 3), (1, 1), (1, 1), (1, 1), 1, False, 'zeros')","(32, 128, 28, 28)",117.46
"(128, 128, (3, 3), (1, 1), (1, 1), (1, 1), 1, False, 'zeros')","(32, 128, 28, 28)",123.89
"(128, 256, (3, 3), (2, 2), (1, 1), (1, 1), 1, False, 'zeros')","(32, 128, 28, 28)",109.16
"(256, 256, (3, 3), (1, 1), (1, 1), (1, 1), 1, False, 'zeros')","(32, 256, 14, 14)",124.80
"(128, 256, (1, 1), (2, 2), (0, 0), (1, 1), 1, False, 'zeros')","(32, 128, 28, 28)",69.65
"(256, 256, (3, 3), (1, 1), (1, 1), (1, 1), 1, False, 'zeros')","(32, 256, 14, 14)",122.47
"(256, 256, (3, 3), (1, 1), (1, 1), (1, 1), 1, False, 'zeros')","(32, 256, 14, 14)",124.32
"(256, 512, (3, 3), (2, 2), (1, 1), (1, 1), 1, False, 'zeros')","(32, 256, 14, 14)",100.85
"(512, 512, (3, 3), (1, 1), (1, 1), (1, 1), 1, False, 'zeros')","(32, 512, 7, 7)",110.67
"(256, 512, (1, 1), (2, 2), (0, 0), (1, 1), 1, False, 'zeros')","(32, 256, 14, 14)",81.91
"(512, 512, (3, 3), (1, 1), (1, 1), (1, 1), 1, False, 'zeros')","(32, 512, 7, 7)",114.42
"(512, 512, (3, 3), (1, 1), (1, 1), (1, 1), 1, False, 'zeros')","(32, 512, 7, 7)",112.20
"(3, 64, (7, 7), (2, 2), (3, 3), (1, 1), 1, False, 'zeros')","(32, 3, 224, 224)",79.05
"(64, 64, (1, 1), (1, 1), (0, 0), (1, 1), 1, False, 'zeros')","(32, 64, 56, 56)",32.33
"(64, 64, (3, 3), (1, 1), (1, 1), (1, 1), 1, False, 'zeros')","(32, 64, 56, 56)",98.59
"(64, 256, (1, 1), (1, 1), (0, 0), (1, 1), 1, False, 'zeros')","(32, 64, 56, 56)",42.47
"(64, 256, (1, 1), (1, 1), (0, 0), (1, 1), 1, False, 'zeros')","(32, 64, 56, 56)",34.48
"(256, 64, (1, 1), (1, 1), (0, 0), (1, 1), 1, False, 'zeros')","(32, 256, 56, 56)",45.14
"(64, 64, (3, 3), (1, 1), (1, 1), (1, 1), 1, False, 'zeros')","(32, 64, 56, 56)",114.34
"(64, 256, (1, 1), (1, 1), (0, 0), (1, 1), 1, False, 'zeros')","(32, 64, 56, 56)",34.34
"(256, 64, (1, 1), (1, 1), (0, 0), (1, 1), 1, False, 'zeros')","(32, 256, 56, 56)",47.97
"(64, 64, (3, 3), (1, 1), (1, 1), (1, 1), 1, False, 'zeros')","(32, 64, 56, 56)",90.39
"(64, 256, (1, 1), (1, 1), (0, 0), (1, 1), 1, False, 'zeros')","(32, 64, 56, 56)",32.78
"(256, 128, (1, 1), (1, 1), (0, 0), (1, 1), 1, False, 'zeros')","(32, 256, 56, 56)",53.20
"(128, 128, (3, 3), (2, 2), (1, 1), (1, 1), 1, False, 'zeros')","(32, 128, 56, 56)",88.16
"(128, 512, (1, 1), (1, 1), (0, 0), (1, 1), 1, False, 'zeros')","(32, 128, 28, 28)",57.45
"(256, 512, (1, 1), (2, 2), (0, 0), (1, 1), 1, False, 'zeros')","(32, 256, 56, 56)",55.91
"(512, 128, (1, 1), (1, 1), (0, 0), (1, 1), 1, False, 'zeros')","(32, 512, 28, 28)",72.05
"(128, 128, (3, 3), (1, 1), (1, 1), (1, 1), 1, False, 'zeros')","(32, 128, 28, 28)",126.64
"(128, 512, (1, 1), (1, 1), (0, 0), (1, 1), 1, False, 'zeros')","(32, 128, 28, 28)",57.24
"(512, 128, (1, 1), (1, 1), (0, 0), (1, 1), 1, False, 'zeros')","(32, 512, 28, 28)",73.16
"(128, 128, (3, 3), (1, 1), (1, 1), (1, 1), 1, False, 'zeros')","(32, 128, 28, 28)",127.40
"(128, 512, (1, 1), (1, 1), (0, 0), (1, 1), 1, False, 'zeros')","(32, 128, 28, 28)",57.86
"(512, 128, (1, 1), (1, 1), (0, 0), (1, 1), 1, False, 'zeros')","(32, 512, 28, 28)",73.45
"(128, 128, (3, 3), (1, 1), (1, 1), (1, 1), 1, False, 'zeros')","(32, 128, 28, 28)",127.96
"(128, 512, (1, 1), (1, 1), (0, 0), (1, 1), 1, False, 'zeros')","(32, 128, 28, 28)",58.33
"(512, 256, (1, 1), (1, 1), (0, 0), (1, 1), 1, False, 'zeros')","(32, 512, 28, 28)",88.29
"(256, 256, (3, 3), (2, 2), (1, 1), (1, 1), 1, False, 'zeros')","(32, 256, 28, 28)",104.60
"(256, 1024, (1, 1), (1, 1), (0, 0), (1, 1), 1, False, 'zeros')","(32, 256, 14, 14)",97.15
"(512, 1024, (1, 1), (2, 2), (0, 0), (1, 1), 1, False, 'zeros')","(32, 512, 28, 28)",78.31
"(1024, 256, (1, 1), (1, 1), (0, 0), (1, 1), 1, False, 'zeros')","(32, 1024, 14, 14)",95.15
"(256, 256, (3, 3), (1, 1), (1, 1), (1, 1), 1, False, 'zeros')","(32, 256, 14, 14)",125.99
"(256, 1024, (1, 1), (1, 1), (0, 0), (1, 1), 1, False, 'zeros')","(32, 256, 14, 14)",97.56
"(1024, 256, (1, 1), (1, 1), (0, 0), (1, 1), 1, False, 'zeros')","(32, 1024, 14, 14)",93.83
"(256, 256, (3, 3), (1, 1), (1, 1), (1, 1), 1, False, 'zeros')","(32, 256, 14, 14)",122.09
"(256, 1024, (1, 1), (1, 1), (0, 0), (1, 1), 1, False, 'zeros')","(32, 256, 14, 14)",95.39
"(1024, 256, (1, 1), (1, 1), (0, 0), (1, 1), 1, False, 'zeros')","(32, 1024, 14, 14)",93.58
"(256, 256, (3, 3), (1, 1), (1, 1), (1, 1), 1, False, 'zeros')","(32, 256, 14, 14)",124.74
"(256, 1024, (1, 1), (1, 1), (0, 0), (1, 1), 1, False, 'zeros')","(32, 256, 14, 14)",100.00
"(1024, 256, (1, 1), (1, 1), (0, 0), (1, 1), 1, False, 'zeros')","(32, 1024, 14, 14)",95.92
"(256, 256, (3, 3), (1, 1), (1, 1), (1, 1), 1, False, 'zeros')","(32, 256, 14, 14)",126.93
"(256, 1024, (1, 1), (1, 1), (0, 0), (1, 1), 1, False, 'zeros')","(32, 256, 14, 14)",98.70
"(1024, 256, (1, 1), (1, 1), (0, 0), (1, 1), 1, False, 'zeros')","(32, 1024, 14, 14)",93.88
"(256, 256, (3, 3), (1, 1), (1, 1), (1, 1), 1, False, 'zeros')","(32, 256, 14, 14)",126.25
"(256, 1024, (1, 1), (1, 1), (0, 0), (1, 1), 1, False, 'zeros')","(32, 256, 14, 14)",98.81
"(1024, 512, (1, 1), (1, 1), (0, 0), (1, 1), 1, False, 'zeros')","(32, 1024, 14, 14)",111.72
"(512, 512, (3, 3), (2, 2), (1, 1), (1, 1), 1, False, 'zeros')","(32, 512, 14, 14)",98.73
"(512, 2048, (1, 1), (1, 1), (0, 0), (1, 1), 1, False, 'zeros')","(32, 512, 7, 7)",119.76
"(1024, 2048, (1, 1), (2, 2), (0, 0), (1, 1), 1, False, 'zeros')","(32, 1024, 14, 14)",111.82
"(2048, 512, (1, 1), (1, 1), (0, 0), (1, 1), 1, False, 'zeros')","(32, 2048, 7, 7)",110.80
"(512, 512, (3, 3), (1, 1), (1, 1), (1, 1), 1, False, 'zeros')","(32, 512, 7, 7)",112.95
"(512, 2048, (1, 1), (1, 1), (0, 0), (1, 1), 1, False, 'zeros')","(32, 512, 7, 7)",118.09
"(2048, 512, (1, 1), (1, 1), (0, 0), (1, 1), 1, False, 'zeros')","(32, 2048, 7, 7)",111.81
"(512, 512, (3, 3), (1, 1), (1, 1), (1, 1), 1, False, 'zeros')","(32, 512, 7, 7)",112.08
"(512, 2048, (1, 1), (1, 1), (0, 0), (1, 1), 1, False, 'zeros')","(32, 512, 7, 7)",119.25
"(3, 64, (7, 7), (2, 2), (3, 3), (1, 1), 1, False, 'zeros')","(32, 3, 224, 224)",61.94
"(64, 128, (1, 1), (1, 1), (0, 0), (1, 1), 1, False, 'zeros')","(32, 64, 56, 56)",29.98
"(128, 128, (3, 3), (1, 1), (1, 1), (1, 1), 32, False, 'zeros')","(32, 128, 56, 56)",10.47
"(128, 256, (1, 1), (1, 1), (0, 0), (1, 1), 1, False, 'zeros')","(32, 128, 56, 56)",48.34
"(64, 256, (1, 1), (1, 1), (0, 0), (1, 1), 1, False, 'zeros')","(32, 64, 56, 56)",35.61
"(256, 128, (1, 1), (1, 1), (0, 0), (1, 1), 1, False, 'zeros')","(32, 256, 56, 56)",55.13
"(128, 128, (3, 3), (1, 1), (1, 1), (1, 1), 32, False, 'zeros')","(32, 128, 56, 56)",10.79
"(128, 256, (1, 1), (1, 1), (0, 0), (1, 1), 1, False, 'zeros')","(32, 128, 56, 56)",50.71
"(256, 128, (1, 1), (1, 1), (0, 0), (1, 1), 1, False, 'zeros')","(32, 256, 56, 56)",55.59
"(128, 128, (3, 3), (1, 1), (1, 1), (1, 1), 32, False, 'zeros')","(32, 128, 56, 56)",10.81
"(128, 256, (1, 1), (1, 1), (0, 0), (1, 1), 1, False, 'zeros')","(32, 128, 56, 56)",50.58
"(256, 256, (1, 1), (1, 1), (0, 0), (1, 1), 1, False, 'zeros')","(32, 256, 56, 56)",65.36
"(256, 256, (3, 3), (2, 2), (1, 1), (1, 1), 32, False, 'zeros')","(32, 256, 56, 56)",13.91
"(256, 512, (1, 1), (1, 1), (0, 0), (1, 1), 1, False, 'zeros')","(32, 256, 28, 28)",72.19
"(256, 512, (1, 1), (2, 2), (0, 0), (1, 1), 1, False, 'zeros')","(32, 256, 56, 56)",56.44
"(512, 256, (1, 1), (1, 1), (0, 0), (1, 1), 1, False, 'zeros')","(32, 512, 28, 28)",88.97
"(256, 256, (3, 3), (1, 1), (1, 1), (1, 1), 32, False, 'zeros')","(32, 256, 28, 28)",23.71
"(256, 512, (1, 1), (1, 1), (0, 0), (1, 1), 1, False, 'zeros')","(32, 256, 28, 28)",83.19
"(512, 256, (1, 1), (1, 1), (0, 0), (1, 1), 1, False, 'zeros')","(32, 512, 28, 28)",87.41
"(256, 256, (3, 3), (1, 1), (1, 1), (1, 1), 32, False, 'zeros')","(32, 256, 28, 28)",23.80
"(256, 512, (1, 1), (1, 1), (0, 0), (1, 1), 1, False, 'zeros')","(32, 256, 28, 28)",75.71
"(512, 256, (1, 1), (1, 1), (0, 0), (1, 1), 1, False, 'zeros')","(32, 512, 28, 28)",88.64
"(256, 256, (3, 3), (1, 1), (1, 1), (1, 1), 32, False, 'zeros')","(32, 256, 28, 28)",23.88
"(256, 512, (1, 1), (1, 1), (0, 0), (1, 1), 1, False, 'zeros')","(32, 256, 28, 28)",74.57
"(512, 512, (1, 1), (1, 1), (0, 0), (1, 1), 1, False, 'zeros')","(32, 512, 28, 28)",91.24
"(512, 512, (3, 3), (2, 2), (1, 1), (1, 1), 32, False, 'zeros')","(32, 512, 28, 28)",30.45
"(512, 1024, (1, 1), (1, 1), (0, 0), (1, 1), 1, False, 'zeros')","(32, 512, 14, 14)",113.60
"(512, 1024, (1, 1), (2, 2), (0, 0), (1, 1), 1, False, 'zeros')","(32, 512, 28, 28)",74.74
"(1024, 512, (1, 1), (1, 1), (0, 0), (1, 1), 1, False, 'zeros')","(32, 1024, 14, 14)",110.10
"(512, 512, (3, 3), (1, 1), (1, 1), (1, 1), 32, False, 'zeros')","(32, 512, 14, 14)",71.20
"(512, 1024, (1, 1), (1, 1), (0, 0), (1, 1), 1, False, 'zeros')","(32, 512, 14, 14)",110.30
"(1024, 512, (1, 1), (1, 1), (0, 0), (1, 1), 1, False, 'zeros')","(32, 1024, 14, 14)",108.26
"(512, 512, (3, 3), (1, 1), (1, 1), (1, 1), 32, False, 'zeros')","(32, 512, 14, 14)",69.22
"(512, 1024, (1, 1), (1, 1), (0, 0), (1, 1), 1, False, 'zeros')","(32, 512, 14, 14)",111.47
"(1024, 512, (1, 1), (1, 1), (0, 0), (1, 1), 1, False, 'zeros')","(32, 1024, 14, 14)",108.91
"(512, 512, (3, 3), (1, 1), (1, 1), (1, 1), 32, False, 'zeros')","(32, 512, 14, 14)",71.40
"(512, 1024, (1, 1), (1, 1), (0, 0), (1, 1), 1, False, 'zeros')","(32, 512, 14, 14)",111.36
"(1024, 512, (1, 1), (1, 1), (0, 0), (1, 1), 1, False, 'zeros')","(32, 1024, 14, 14)",109.34
"(512, 512, (3, 3), (1, 1), (1, 1), (1, 1), 32, False, 'zeros')","(32, 512, 14, 14)",70.04
"(512, 1024, (1, 1), (1, 1), (0, 0), (1, 1), 1, False, 'zeros')","(32, 512, 14, 14)",111.17
"(1024, 512, (1, 1), (1, 1), (0, 0), (1, 1), 1, False, 'zeros')","(32, 1024, 14, 14)",104.97
"(512, 512, (3, 3), (1, 1), (1, 1), (1, 1), 32, False, 'zeros')","(32, 512, 14, 14)",63.74
"(512, 1024, (1, 1), (1, 1), (0, 0), (1, 1), 1, False, 'zeros')","(32, 512, 14, 14)",100.31
"(1024, 1024, (1, 1), (1, 1), (0, 0), (1, 1), 1, False, 'zeros')","(32, 1024, 14, 14)",104.43
"(1024, 1024, (3, 3), (2, 2), (1, 1), (1, 1), 32, False, 'zeros')","(32, 1024, 14, 14)",47.78
"(1024, 2048, (1, 1), (1, 1), (0, 0), (1, 1), 1, False, 'zeros')","(32, 1024, 7, 7)",115.43
"(1024, 2048, (1, 1), (2, 2), (0, 0), (1, 1), 1, False, 'zeros')","(32, 1024, 14, 14)",104.06
"(2048, 1024, (1, 1), (1, 1), (0, 0), (1, 1), 1, False, 'zeros')","(32, 2048, 7, 7)",108.11
"(1024, 1024, (3, 3), (1, 1), (1, 1), (1, 1), 32, False, 'zeros')","(32, 1024, 7, 7)",93.13
"(1024, 2048, (1, 1), (1, 1), (0, 0), (1, 1), 1, False, 'zeros')","(32, 1024, 7, 7)",106.54
"(2048, 1024, (1, 1), (1, 1), (0, 0), (1, 1), 1, False, 'zeros')","(32, 2048, 7, 7)",107.42
"(1024, 1024, (3, 3), (1, 1), (1, 1), (1, 1), 32, False, 'zeros')","(32, 1024, 7, 7)",97.53
"(1024, 2048, (1, 1), (1, 1), (0, 0), (1, 1), 1, False, 'zeros')","(32, 1024, 7, 7)",107.95
"(3, 24, (3, 3), (2, 2), (1, 1), (1, 1), 1, False, 'zeros')","(32, 3, 224, 224)",53.94
"(24, 24, (3, 3), (2, 2), (1, 1), (1, 1), 24, False, 'zeros')","(32, 24, 56, 56)",4.54
"(24, 58, (1, 1), (1, 1), (0, 0), (1, 1), 1, False, 'zeros')","(32, 24, 28, 28)",32.56
"(24, 58, (1, 1), (1, 1), (0, 0), (1, 1), 1, False, 'zeros')","(32, 24, 56, 56)",32.65
"(58, 58, (3, 3), (2, 2), (1, 1), (1, 1), 58, False, 'zeros')","(32, 58, 56, 56)",3.34
"(58, 58, (1, 1), (1, 1), (0, 0), (1, 1), 1, False, 'zeros')","(32, 58, 28, 28)",39.95
"(58, 58, (1, 1), (1, 1), (0, 0), (1, 1), 1, False, 'zeros')","(32, 58, 28, 28)",33.36
"(58, 58, (3, 3), (1, 1), (1, 1), (1, 1), 58, False, 'zeros')","(32, 58, 28, 28)",7.44
"(58, 58, (1, 1), (1, 1), (0, 0), (1, 1), 1, False, 'zeros')","(32, 58, 28, 28)",40.69
"(58, 58, (1, 1), (1, 1), (0, 0), (1, 1), 1, False, 'zeros')","(32, 58, 28, 28)",33.62
"(58, 58, (3, 3), (1, 1), (1, 1), (1, 1), 58, False, 'zeros')","(32, 58, 28, 28)",8.11
"(58, 58, (1, 1), (1, 1), (0, 0), (1, 1), 1, False, 'zeros')","(32, 58, 28, 28)",38.14
"(58, 58, (1, 1), (1, 1), (0, 0), (1, 1), 1, False, 'zeros')","(32, 58, 28, 28)",33.63
"(58, 58, (3, 3), (1, 1), (1, 1), (1, 1), 58, False, 'zeros')","(32, 58, 28, 28)",7.76
"(58, 58, (1, 1), (1, 1), (0, 0), (1, 1), 1, False, 'zeros')","(32, 58, 28, 28)",40.98
"(116, 116, (3, 3), (2, 2), (1, 1), (1, 1), 116, False, 'zeros')","(32, 116, 28, 28)",3.17
"(116, 116, (1, 1), (1, 1), (0, 0), (1, 1), 1, False, 'zeros')","(32, 116, 14, 14)",61.98
"(116, 116, (1, 1), (1, 1), (0, 0), (1, 1), 1, False, 'zeros')","(32, 116, 28, 28)",65.13
"(116, 116, (3, 3), (2, 2), (1, 1), (1, 1), 116, False, 'zeros')","(32, 116, 28, 28)",3.20
"(116, 116, (1, 1), (1, 1), (0, 0), (1, 1), 1, False, 'zeros')","(32, 116, 14, 14)",56.48
"(116, 116, (1, 1), (1, 1), (0, 0), (1, 1), 1, False, 'zeros')","(32, 116, 14, 14)",50.54
"(116, 116, (3, 3), (1, 1), (1, 1), (1, 1), 116, False, 'zeros')","(32, 116, 14, 14)",7.69
"(116, 116, (1, 1), (1, 1), (0, 0), (1, 1), 1, False, 'zeros')","(32, 116, 14, 14)",61.96
"(116, 116, (1, 1), (1, 1), (0, 0), (1, 1), 1, False, 'zeros')","(32, 116, 14, 14)",55.13
"(116, 116, (3, 3), (1, 1), (1, 1), (1, 1), 116, False, 'zeros')","(32, 116, 14, 14)",7.99
"(116, 116, (1, 1), (1, 1), (0, 0), (1, 1), 1, False, 'zeros')","(32, 116, 14, 14)",61.29
"(116, 116, (1, 1), (1, 1), (0, 0), (1, 1), 1, False, 'zeros')","(32, 116, 14, 14)",54.83
"(116, 116, (3, 3), (1, 1), (1, 1), (1, 1), 116, False, 'zeros')","(32, 116, 14, 14)",7.97
"(116, 116, (1, 1), (1, 1), (0, 0), (1, 1), 1, False, 'zeros')","(32, 116, 14, 14)",62.58
"(116, 116, (1, 1), (1, 1), (0, 0), (1, 1), 1, False, 'zeros')","(32, 116, 14, 14)",58.34
"(116, 116, (3, 3), (1, 1), (1, 1), (1, 1), 116, False, 'zeros')","(32, 116, 14, 14)",7.93
"(116, 116, (1, 1), (1, 1), (0, 0), (1, 1), 1, False, 'zeros')","(32, 116, 14, 14)",61.97
"(116, 116, (1, 1), (1, 1), (0, 0), (1, 1), 1, False, 'zeros')","(32, 116, 14, 14)",59.23
"(116, 116, (3, 3), (1, 1), (1, 1), (1, 1), 116, False, 'zeros')","(32, 116, 14, 14)",8.03
"(116, 116, (1, 1), (1, 1), (0, 0), (1, 1), 1, False, 'zeros')","(32, 116, 14, 14)",63.99
"(116, 116, (1, 1), (1, 1), (0, 0), (1, 1), 1, False, 'zeros')","(32, 116, 14, 14)",52.60
"(116, 116, (3, 3), (1, 1), (1, 1), (1, 1), 116, False, 'zeros')","(32, 116, 14, 14)",7.72
"(116, 116, (1, 1), (1, 1), (0, 0), (1, 1), 1, False, 'zeros')","(32, 116, 14, 14)",63.71
"(116, 116, (1, 1), (1, 1), (0, 0), (1, 1), 1, False, 'zeros')","(32, 116, 14, 14)",58.36
"(116, 116, (3, 3), (1, 1), (1, 1), (1, 1), 116, False, 'zeros')","(32, 116, 14, 14)",8.12
"(116, 116, (1, 1), (1, 1), (0, 0), (1, 1), 1, False, 'zeros')","(32, 116, 14, 14)",63.95
"(232, 232, (3, 3), (2, 2), (1, 1), (1, 1), 232, False, 'zeros')","(32, 232, 14, 14)",6.08
"(232, 232, (1, 1), (1, 1), (0, 0), (1, 1), 1, False, 'zeros')","(32, 232, 7, 7)",102.20
"(232, 232, (1, 1), (1, 1), (0, 0), (1, 1), 1, False, 'zeros')","(32, 232, 14, 14)",102.02
"(232, 232, (3, 3), (2, 2), (1, 1), (1, 1), 232, False, 'zeros')","(32, 232, 14, 14)",5.12
"(232, 232, (1, 1), (1, 1), (0, 0), (1, 1), 1, False, 'zeros')","(32, 232, 7, 7)",102.51
"(232, 232, (1, 1), (1, 1), (0, 0), (1, 1), 1, False, 'zeros')","(32, 232, 7, 7)",96.64
"(232, 232, (3, 3), (1, 1), (1, 1), (1, 1), 232, False, 'zeros')","(32, 232, 7, 7)",13.01
"(232, 232, (1, 1), (1, 1), (0, 0), (1, 1), 1, False, 'zeros')","(32, 232, 7, 7)",93.12
"(232, 232, (1, 1), (1, 1), (0, 0), (1, 1), 1, False, 'zeros')","(32, 232, 7, 7)",79.56
"(232, 232, (3, 3), (1, 1), (1, 1), (1, 1), 232, False, 'zeros')","(32, 232, 7, 7)",11.33
"(232, 232, (1, 1), (1, 1), (0, 0), (1, 1), 1, False, 'zeros')","(32, 232, 7, 7)",97.76
"(232, 232, (1, 1), (1, 1), (0, 0), (1, 1), 1, False, 'zeros')","(32, 232, 7, 7)",95.62
"(232, 232, (3, 3), (1, 1), (1, 1), (1, 1), 232, False, 'zeros')","(32, 232, 7, 7)",13.14
"(232, 232, (1, 1), (1, 1), (0, 0), (1, 1), 1, False, 'zeros')","(32, 232, 7, 7)",98.36
"(464, 1024, (1, 1), (1, 1), (0, 0), (1, 1), 1, False, 'zeros')","(32, 464, 7, 7)",111.89
"(3, 64, (3, 3), (2, 2), (0, 0), (1, 1), 1, True, 'zeros')","(32, 3, 224, 224)",57.35
"(64, 16, (1, 1), (1, 1), (0, 0), (1, 1), 1, True, 'zeros')","(32, 64, 55, 55)",34.02
"(16, 64, (1, 1), (1, 1), (0, 0), (1, 1), 1, True, 'zeros')","(32, 16, 55, 55)",35.07
"(16, 64, (3, 3), (1, 1), (1, 1), (1, 1), 1, True, 'zeros')","(32, 16, 55, 55)",104.21
"(128, 16, (1, 1), (1, 1), (0, 0), (1, 1), 1, True, 'zeros')","(32, 128, 55, 55)",32.29
"(16, 64, (1, 1), (1, 1), (0, 0), (1, 1), 1, True, 'zeros')","(32, 16, 55, 55)",26.62
"(16, 64, (3, 3), (1, 1), (1, 1), (1, 1), 1, True, 'zeros')","(32, 16, 55, 55)",99.16
"(128, 32, (1, 1), (1, 1), (0, 0), (1, 1), 1, True, 'zeros')","(32, 128, 27, 27)",52.75
"(32, 128, (1, 1), (1, 1), (0, 0), (1, 1), 1, True, 'zeros')","(32, 32, 27, 27)",56.69
"(32, 128, (3, 3), (1, 1), (1, 1), (1, 1), 1, True, 'zeros')","(32, 32, 27, 27)",115.31
"(256, 32, (1, 1), (1, 1), (0, 0), (1, 1), 1, True, 'zeros')","(32, 256, 27, 27)",53.21
"(32, 128, (1, 1), (1, 1), (0, 0), (1, 1), 1, True, 'zeros')","(32, 32, 27, 27)",56.40
"(32, 128, (3, 3), (1, 1), (1, 1), (1, 1), 1, True, 'zeros')","(32, 32, 27, 27)",116.59
"(256, 48, (1, 1), (1, 1), (0, 0), (1, 1), 1, True, 'zeros')","(32, 256, 13, 13)",62.93
"(48, 192, (1, 1), (1, 1), (0, 0), (1, 1), 1, True, 'zeros')","(32, 48, 13, 13)",70.60
"(48, 192, (3, 3), (1, 1), (1, 1), (1, 1), 1, True, 'zeros')","(32, 48, 13, 13)",114.49
"(384, 48, (1, 1), (1, 1), (0, 0), (1, 1), 1, True, 'zeros')","(32, 384, 13, 13)",65.85
"(48, 192, (1, 1), (1, 1), (0, 0), (1, 1), 1, True, 'zeros')","(32, 48, 13, 13)",68.31
"(48, 192, (3, 3), (1, 1), (1, 1), (1, 1), 1, True, 'zeros')","(32, 48, 13, 13)",113.72
"(384, 64, (1, 1), (1, 1), (0, 0), (1, 1), 1, True, 'zeros')","(32, 384, 13, 13)",73.26
"(64, 256, (1, 1), (1, 1), (0, 0), (1, 1), 1, True, 'zeros')","(32, 64, 13, 13)",79.97
"(64, 256, (3, 3), (1, 1), (1, 1), (1, 1), 1, True, 'zeros')","(32, 64, 13, 13)",116.66
"(512, 64, (1, 1), (1, 1), (0, 0), (1, 1), 1, True, 'zeros')","(32, 512, 13, 13)",75.07
"(64, 256, (1, 1), (1, 1), (0, 0), (1, 1), 1, True, 'zeros')","(32, 64, 13, 13)",81.70
"(64, 256, (3, 3), (1, 1), (1, 1), (1, 1), 1, True, 'zeros')","(32, 64, 13, 13)",116.97
"(512, 1000, (1, 1), (1, 1), (0, 0), (1, 1), 1, True, 'zeros')","(32, 512, 13, 13)",119.60
"(3, 64, (3, 3), (1, 1), (1, 1), (1, 1), 1, True, 'zeros')","(32, 3, 224, 224)",61.99
"(64, 64, (3, 3), (1, 1), (1, 1), (1, 1), 1, True, 'zeros')","(32, 64, 224, 224)",110.72
"(64, 128, (3, 3), (1, 1), (1, 1), (1, 1), 1, True, 'zeros')","(32, 64, 112, 112)",127.70
"(128, 128, (3, 3), (1, 1), (1, 1), (1, 1), 1, True, 'zeros')","(32, 128, 112, 112)",130.18
"(128, 256, (3, 3), (1, 1), (1, 1), (1, 1), 1, True, 'zeros')","(32, 128, 56, 56)",130.58
"(256, 256, (3, 3), (1, 1), (1, 1), (1, 1), 1, True, 'zeros')","(32, 256, 56, 56)",130.84
"(256, 256, (3, 3), (1, 1), (1, 1), (1, 1), 1, True, 'zeros')","(32, 256, 56, 56)",132.60
"(256, 512, (3, 3), (1, 1), (1, 1), (1, 1), 1, True, 'zeros')","(32, 256, 28, 28)",131.78
"(512, 512, (3, 3), (1, 1), (1, 1), (1, 1), 1, True, 'zeros')","(32, 512, 28, 28)",131.44
"(512, 512, (3, 3), (1, 1), (1, 1), (1, 1), 1, True, 'zeros')","(32, 512, 28, 28)",131.64
"(512, 512, (3, 3), (1, 1), (1, 1), (1, 1), 1, True, 'zeros')","(32, 512, 14, 14)",128.04
"(512, 512, (3, 3), (1, 1), (1, 1), (1, 1), 1, True, 'zeros')","(32, 512, 14, 14)",128.26
"(512, 512, (3, 3), (1, 1), (1, 1), (1, 1), 1, True, 'zeros')","(32, 512, 14, 14)",129.33
